﻿{
    "$schema": "https://schema.management.azure.com/schemas/2015-01-01/deploymentParameters.json#",
    "contentVersion": "1.0.0.0",
    "parameters": {
        "addcName": {
            "value": "sboxdc"
        },
        "addcAdminUserName": {
            "value": "berryst"
        },
        "domainName": {
            "value": "sdbox.az"
        },
        "addnsName": {
            "value": "sboxdns"
        },
        "adpublicipDnsName": {
            "value": "adpublicdns"
        }
    }
}